author_name,review_rating,review_text,review_time
ToÃ n Huá»³nh,5,"Chi nhÃ¡nh nÃ y cÃ³ khÃ´ng gian cÅ©ng rá»™ng rÃ£i, decor cÅ©ng Ä‘áº¹p, náº±m ngay táº¡i ngÃ£ tÆ° LÃª Duáº©n - Máº¡c Äá»‰nh Chi. Äá»“ uá»‘ng táº¡i Ä‘Ã¢y cÅ©ng á»•n, nhÃ¢n viÃªn thÃ¢n thiá»‡n.

BÃ£i xe á»Ÿ Ä‘Ã¢y thÃ¬ nhá», nÃªn ráº¥t dá»… khÃ³ dáº¯t khi Ä‘Ã´ng khÃ¡ch nhÆ°ng luÃ´n cÃ³ cÃ¡c anh báº£o vá»‡ há»— trá»£ dáº¯t xe nÃªn cÅ©ng yÃªn tÃ¢m.",2025-11-25T09:09:59.728Z
Patrick Kosellek,5,"Nice and not to small Highlands, many comfortable chairs, best is you have an ice cream machine to add on top of your coffee â˜•",2025-11-24T09:54:03.449Z
Rannie Le,1,"NÆ°á»›c pha dá»Ÿ hÆ¡n cÃ¡c chi nhÃ¡nh khÃ¡c nhiá»u . ThÃ¡i Ä‘á»™ phá»¥c vá»¥ cÅ©ng tá»‡ ná»¯a , bÃ¡o sáº½ bÆ°ng nÆ°á»›c ra cho khÃ¡ch . MÃ  Ä‘á»ƒ trÃªn quáº§y nÆ°á»›c tan gáº§n ná»­a ly , khÃ¡ch láº¡i há»i thÃ¬ chá»‰ nÆ°á»›c trÃªn bÃ n .",2025-11-24T08:59:49.135Z
Nguyá»…n VÄƒn CÆ°á»ng,5,No text review,2025-11-24T05:00:20.590Z
Khon Bui,5,No text review,2025-11-21T08:53:20.850Z
Nguyá»…n Thá»‹ Ngá»c ThÆ¡,5,"rcm cÃ  phÃª sá»¯a nha, chi nhÃ¡nh lÃ m cf sá»¯a ngon nháº¥t mÃ¬nh tá»«ng uá»‘ng, Ä‘áº­m Ä‘Ã  láº¯m áº¡, báº¡n nvien ná»¯ cao cao dá»… thÆ°Æ¡ng vÃ´ cÃ¹ng â­ï¸â­ï¸â­ï¸â­ï¸â­ï¸",2025-11-26T07:47:59.872Z
ToÃ n Huá»³nh,5,Vá»‹ trÃ­ táº¡i táº§ng B3 cá»§a Vincom Äá»“ng Khá»Ÿi. QuÃ¡n rá»™ng. NhÃ¢n viÃªn nhiá»‡t tÃ¬nh. Äá»“ uá»‘ng ngon.,2025-11-21T04:35:57.447Z
Lisa Sahari,2,No text review,2025-11-19T04:11:50.390Z
Tráº§n Quá»‘c PhÃºc An,5,No text review,2025-11-18T07:28:11.989Z
Jenny Pham,1,"QuÃ¡n cÃ³ 2 lines Ä‘á»ƒ order, nhÃ¢n viÃªn lÃ m viá»‡c kiá»ƒu gÃ¬ mÃ  khÃ¡ch hÃ ng Ä‘á»©ng xáº¿p hÃ ng cáº£ buá»•i mÃ  khÃ´ng nÃ³i cho khÃ¡ch hÃ ng biáº¿t lÃ  chá»‰ nháº­n order 1 bÃªn thÃ´i. MÃ¬nh chá» hoÃ i mÃ  chá»‰ toÃ n tháº¥y 2 nhÃ¢n viÃªn nÃ³i chuyá»‡n vá»›i nhau, ko thÃ¨m ngÃ³ Ä‘áº¿n khÃ¡ch. Äáº¿n khi mÃ¬nh tháº¥y bÃªn cáº¡nh Ä‘Ã£ phá»¥c vá»¥ khÃ¡ch xong, lá»‹ch sá»± há»i mÃ¬nh order Ä‘Æ°á»£c khÃ´ng thÃ¬ yÃªu cáº§u mÃ¬nh xáº¿p hÃ ng trong khi mÃ¬nh Ä‘Ã¢u pháº£i khÃ´ng khÃ­ mÃ  khÃ´ng tháº¥y mÃ¬nh Ä‘á»©ng chá» ráº¥t lÃ¢u. CÃ ng ngÃ y Highlands phá»¥c vá»¥ cÃ ng tá»‡.",2025-11-16T13:05:58.180Z
Báº£o KhÃ¡nh,5,"MÃ¬ cua, pizza vÃ  salad ngon, khÃ´ng gian thoÃ¡ng mÃ¡t, nhÃ¢n viÃªn nhanh nháº¹n nhiá»‡t tÃ¬nh",2025-11-26T17:08:59.909Z
DUC TUAN NGUYEN,5,No text review,2025-11-26T10:27:31.092Z
33 - Há»“ng Tháº¯m,5,Tuyá»‡t dá»i,2025-11-26T08:49:32.550Z
Ching Chong,5,No text review,2025-11-26T01:24:13.082Z
Justin Doan,5,"Delicious, nice and friendly",2025-11-25T14:05:24.151Z
Anh Tran,5,The salad was awesome as well as the crab pasta. Would recommend to others and come back again <3,2025-11-26T14:46:40.097Z
My Nhi Lam,5,No text review,2025-11-26T14:23:08.022Z
ThÃ nh TrÆ°Æ¡ng Hiá»ƒn,5,No text review,2025-11-26T14:13:06.920Z
Diá»…m LÆ°u,5,Báº¡n ThiÃªn Thanh phá»¥c vá»¥ ráº¥t tá»‘t â¤ï¸,2025-11-26T13:11:39.042Z
HÃ²a Thuáº­n TrÆ°Æ¡ng,4,"Just had a fantastic dinner out with the family! The service was absolutely top-notch, everyone was so friendly and attentive. We all really enjoyed our meals, and it was just a perfect, warm atmosphere.",2025-11-25T03:32:27.989Z
Bhaskar Vempali,5,No text review,2025-11-26T14:54:58.257Z
Dheeraj Reddy Puchakayala,5,No text review,2025-11-26T14:54:38.823Z
Souledone,4,No text review,2025-11-26T14:53:52.733Z
HÃ¢n Nguyá»…n,5,"Äá»“ Äƒn ngon, khÃ´ng gian quÃ¡n rá»™ng rÃ£i thoÃ¡ng mÃ¡t yÃªn tÄ©nh, nhÃ¢n viÃªn phá»¥c vá»¥ nhiá»‡t tÃ¬nh Ä‘Ã¡ng yÃªu â¤ï¸",2025-11-26T14:37:01.910Z
Florian Brus,5,No text review,2025-11-26T14:11:58.402Z
King Luxury,5,No text review,2025-11-27T00:54:13.966Z
Linh Diá»‡u,5,"Tuyá»‡t vá»i, ngon, nhÃ¢n viÃªn phá»¥c vá»¥ tá»‘t",2025-11-26T14:45:20.224Z
HoÃ ng PhÆ°á»£ng,5,"NhÃ¢n viÃªn dá»… thÆ°Æ¡ng, há»— trá»£ nhiá»‡t tÃ¬nh",2025-11-26T14:45:19.623Z
25- Há»“ TÃ´ Gia NhÆ°,5,"báº¡n Trung KiÃªn siÃªu dá»… thÆ°Æ¡ng phá»¥c vá»¥ siÃªu nhiá»‡t tÃ¬nh bÃ  cÃ¡c báº¡n nhÃ¢n viÃªn khÃ¡c cÅ©ng dá»… thÆ°Æ¡ng ko kÃ©m, Ä‘á»“ Äƒn cÅ©ng cÅ©ng, Ä‘Ã¡ng quay láº¡i láº§n 2",2025-11-26T14:38:14.447Z
anh dong,5,"Anh KiÃªn Ä‘áº¹p trai, take care tá»‘t",2025-11-26T14:16:27.039Z
Quá»³nh NhÆ° VÃµ HÃ ,3,No text review,2025-11-26T13:10:50.387Z
Jason Wang,5,"Amazing Pasta and Pizza. Comfortable ambience for gatherings and hangout. Cannot be better than this, Yum!",2025-11-26T05:44:14.262Z
NghÄ©a Nguyá»…n,5,Ngon vÃ£i c,2025-11-25T14:40:53.287Z
Má»¹ Ká»³,5,No text review,2025-11-25T13:47:22.280Z
ThÃ¡i SÆ¡n Nguyá»…n Tráº§n,5,No text review,2025-11-25T13:05:49.681Z
Jss Mxmx,3,No text review,2025-11-27T02:21:56.592Z
Lee An,5,báº¡n Thanh Vi vá»›i ThÃ nh An chi nhÃ¡nh Taka dth láº¯m ^^,2025-11-26T14:02:12.211Z
Tina K.,5,"Food, beverages, and everything was great - as expected from 4P's! Thai Sinh was a great server with a lot of patience for us ordering. Highly recommended!",2025-11-26T12:55:41.809Z
Ryan Stephen Chan,5,"Great place for pizza, amazingly done. Also, Sinh was very welcoming and friendly. Made the whole dining experience very homely and pleasant. Will be back again!",2025-11-26T12:00:49.723Z
ziyah azahar,5,sinh was being so friendly and nice :) good food and experience,2025-11-26T10:56:29.857Z
Miircea20,5,"Ich hatte heute die beste Pizza, die ich je in meinem Leben gegessen habe. Und der Meinung waren meine zwei BrÃ¼der, welche mich begleitet hattet, auch. Ganz groÃŸes Lob geht an die kleine Ã¤uÃŸerst freundliche Bedienung, welche die Tische im Eingangsbereich bedient hat. Sowas freundliches und zuvorkommendes wÃ¼nscht man sich Ã¶fter. Macht weiter so. Einfach unglaublich !",2025-11-26T15:59:50.329Z
Le Thy,5,No text review,2025-11-26T13:56:10.161Z
Chinh Ng,5,"Very nice experience at 4P ! Great pizza, amazing service",2025-11-26T13:12:53.188Z
Mpetha Mbuyisa,5,Lovely place. Friendly attentive staff. Food was exceptional.,2025-11-26T13:07:10.503Z
alexander de lumassie,5,No text review,2025-11-26T13:06:52.752Z
Herman,3,I have been a loyal customer of 4Pâ€™s for many years and it used to be my first stop whenever I visit Vietnam. On my most recent visit I was disappointed by a noticeable decline in food quality: both the beef and the pizza were quite tough and did not meet the standard I have come to expect.,2025-11-27T00:25:57.325Z
GÃ¼l Miray KeÃ§ici,5,No text review,2025-11-26T18:54:37.611Z
nathan wood,5,No text review,2025-11-26T14:56:23.765Z
Yasuo Takakura,5,Food was really good. The service was also good and I would like to come again!,2025-11-26T14:42:58.917Z
Rebecca Martin,5,"Lovely spot. Great vibe and atmosphere, food is yummy and service is great. Definitely recommend a visit.",2025-11-26T14:17:07.557Z
Lindsay Nelson,5,No text review,2025-11-04T18:23:05.481Z
Nguyen Viet Hung,4,No text review,2025-11-02T02:23:17.122Z
thÆ° tráº§n,1,"mÆ°a mÃ¬nh láº¡i há»i ngá»“i chá»— nÃ o nv báº£o chá»‹ tháº¥y chá»— nÃ o khÃ´ thÃ¬ tá»± ngá»“i, mÃ¬nh báº£o mÆ°a chá»— nÃ o cÅ©ng Æ°á»›t cÃ¡i nv báº£o dá»‹ em chá»‹u lÃ  giáº£i quyáº¿t váº¥n Ä‘á» cho khÃ¡ch Ä‘áº¿n Äƒn chÆ°a",2025-10-14T12:46:34.135Z
Nghia Tran,1,"TÃ´i vÃ  gia Ä‘Ã¬nh lÃ  KH lÃ¢u nÄƒm cá»§a Pizza 4P, tá»‘i ngÃ y 05/10/25 gia Ä‘Ã¬nh tÃ´i cÃ³ Ä‘áº·t gá»i pizza half 5 cheese half náº¥m, 1 sÃºp kem náº¥m, 1 salad cáº£i kale. Chuyá»‡n khÃ´ng cÃ³ gÃ¬ cho Ä‘áº¿n khi tÃ´i dÃ¹ng mÃ³n cáº£i Kale bá»‹ trá»™n láº«n vá»›i nhiá»u rau nÃ¡t, thá»‘i. Khi liÃªn há»‡ vá»›i Pizza 4p thÃ¬ Ä‘Æ°á»£c giáº£i thÃ­ch lÃ  do nhÃ  hÃ ng trá»™n vá»›i mint vÃ  hÃºng quáº¿ Ä‘á»ƒ táº¡o hÆ°Æ¡ng vá»‹ Ä‘áº·c trÆ°ng cá»§a mÃ³n Äƒn, Ä‘Ã¢y khÃ´ng pháº£i lÃ  láº§n Ä‘áº§u tiÃªn gia Ä‘Ã¬nh tÃ´i dÃ¹ng cáº£i kale á»Ÿ Pizza 4P vÃ  Ä‘Ã¢y lÃ  láº§n Ä‘áº§u tiÃªn tÃ´i gáº·p tráº£i nghiá»‡m nÃ y.
Váº¥n Ä‘á» lÃ  ban Ä‘áº§u báº¡n nhÃ¢n viÃªn báº£o mint vÃ  hÃºng quáº¿, sau tÃ´i há»i cÃ³ cháº¯c khÃ´ng, vÃ  cÃ³ pháº£i mÃ³n cáº£i kale nÃ o cÅ©ng bá» mint vÃ  hÃºng quáº¿ tháº¿ nÃ y vÃ o mÃ³n thÃ¬ báº¡n láº¡i khÃ´ng tráº£ lá»i trá»±c diá»‡n mÃ  cá»© vÃ²ng vo, tÃ´i Ä‘Äƒng clip lÃªn Ä‘Ã¢y Ä‘á»ƒ má»i ngÆ°á»i vÃ  ngay cáº£ Pizza 4P cÃ¹ng xem, náº¿u Ä‘Ãºng thá»±c lÃ  mint vá»›i hÃºng quáº¿ VÃ€ Ä‘áº¡t cháº¥t lÆ°á»£ng, tÃ´i sáº½ gá»¡ review 1 sao nÃ y xuá»‘ng ngay láº­p tá»©c.
BÃªn cáº¡nh Ä‘Äƒng táº£i lÃªn Ä‘Ã¢y, tÃ´i cÅ©ng sáº½ Ä‘Äƒng clip lÃªn máº¡ng xÃ£ há»™i Ä‘á»ƒ nhá»¯ng ngÆ°á»i khÃ¡c cÃ¹ng Ä‘Ã¡nh giÃ¡.",2025-10-06T01:21:17.991Z
Julia Babcock,5,No text review,2025-10-03T14:15:45.903Z
Ari Delint,5,We got by grab a pizza an spaghetti and it arrived perfect tasted delicious,2025-11-27T00:18:17.691Z
GÃ¼l Miray KeÃ§ici,5,No text review,2025-11-26T18:55:07.006Z
Muhammad Rehan Wadiwala,5,"Hanna went above and beyond with her service. Thank you for making my daughters day. The food was exceptional, and the atmosphere was unmatched. Truly the best pizza in townâ€”the experience itself exceeds even the pizza.",2025-11-26T15:36:08.735Z
Jacob Lu,5,No text review,2025-11-26T15:13:34.954Z
ginny bakker,5,Het eten was geweldig! En de service ook!! Hanna was onze serveerster vanavond en ze was echt super lief! Absoluut een aanrader!,2025-11-26T14:51:16.724Z
Khon Bui,5,Tuyá»‡t vá»i,2025-11-18T15:28:57.208Z
SÆ¡n LÃª,5,No text review,2025-11-14T12:36:28.246Z
DuyÃªn Phan,5,NhÃ¢n viÃªn vui váº½ nhiá»‡t tÃ¬nh,2025-11-10T04:59:43.778Z
Ğ¢Ğ¸Ğ¼ÑƒÑ€ Ğ¡Ğ°Ğ´Ñ‹ĞºĞ¾Ğ²,5,No text review,2025-11-05T05:54:09.165Z
Alex,3,"MÃ¬nh Ä‘i nhiá»u quÃ¡n highlands rá»“i nhÆ°ng tháº¥y chi nhÃ¡nh nÃ y Ä‘c má»—i khu ngoÃ i trá»i lÃ  sÃ¡ng sá»§a. CÃ²n trong phÃ²ng thÃ¬ ko khÃ­ ngá»™t ngáº¡t tá»‘i tÄƒm kiá»ƒu ngá»“i há»“i lÃ  ngá»§ luÃ´n, nÃ³i chung ko tá»›i Ä‘Ã¢y lÃ m viá»‡c Ä‘c",2025-11-01T23:20:02.487Z
Tiger Girl,1,"HÃ´m trc mÃ¬nh cÃ³ ghÃ© qua Ä‘Ã¢y mua Matcha DÃ¢u TÃ¢y. LÃºc báº¡n nhÃ¢n viÃªn bÃ¡n cho mÃ¬nh thÃ¬ chá»‰ cÃ³ Matcha vá»›i 1 Ã­t dÃ¢u á»Ÿ dÆ°á»›i, hoÃ n toÃ n ko cÃ³ lá»›p kem dÃ¢u bÃªn trÃªn ğŸ˜Œ highlands tuyá»ƒn nhÃ¢n viÃªn tháº­t ""cÃ¡ tÃ­nh"" Ä‘Ã³ ğŸ˜Œ lÃºc Ä‘Ã³ tÃ´i mÃ  biáº¿t Ä‘Æ°á»£c tÃ´i ko Ä‘á»ƒ yÃªn Ä‘Ã¢u ğŸ˜Œ lÃ m Äƒn gian dá»‘i ai mÃ  dÃ¡m ghÃ© ná»¯a. Ä‚n 1 sao nhÃ© Highlands Nam KÃ¬ğŸ˜¡ğŸ˜",2025-11-25T15:41:28.801Z
MoonSun - NguyenHa 's family,5,No text review,2025-11-23T12:04:12.894Z
ãƒ©ã‚¤ãƒˆã‚»ãƒã‚¹ãƒãƒ£ãƒ³,5,"ç¾å‘³ã—ãå®‰ã„ã‚³ãƒ¼ãƒ’ãƒ¼ã€ãƒ‘ãƒ³ã§ã—ãŸã€‚
ã‚»ãƒƒãƒˆã§53.000ãƒ‰ãƒ³
ãƒ‘ãƒ³ã‚‚ã‚µã‚¯ã‚µã‚¯ã¨ã—ãŸæ„Ÿè§¦ã§ã™ã€‚
ã‚³ãƒ¼ãƒ’ãƒ¼ã‚‚å°‘ã—ç”˜ã„å‘³ã‚ã„ã€‚
ã‚¨ã‚¢ã‚³ãƒ³ã‚‚åŠ¹ã„ã¦ã„ã¾ã™ã€‚",2025-11-22T06:29:55.543Z
Paisley May,5,No text review,2025-10-29T01:05:55.712Z
Loc Letuan,4,Ráº¥t tá»‘t.,2025-10-18T13:35:07.084Z
Garima Baldua,4,No text review,2025-11-26T16:12:42.675Z
Patrick Kosellek,5,This Highlands has a ice cream machine for the best topping,2025-11-25T04:21:47.368Z
Huy Chuong Nguyen Pham,4,No text review,2025-11-21T15:18:19.105Z
Ğ¡Ğ²ĞµÑ‚Ğ»Ğ°Ğ½Ğ° Ğ¡Ğ°Ñ‚Ñ‚Ğ°Ñ€Ğ¾Ğ²Ğ°,5,No text review,2025-11-20T06:41:13.609Z
quyen dinh,4,No text review,2025-11-19T23:40:34.606Z
Huyá»n Ngá»c,5,No text review,2025-11-26T13:19:32.438Z
Hoai Quoc,5,No text review,2025-11-26T10:44:30.940Z
Duy Truong,1,"Quáº£n lÃ½ tÃªn trang thÃ¡i Ä‘á»™ khinh thÆ°á»ng vÃ  há»—n lÃ¡o vá»›i khÃ¡ch hÃ ng , nÃªn Ä‘á»•i quáº£n lÃ½ khÃ¡c",2025-11-23T11:33:39.603Z
Quoc Hung Do,4,No text review,2025-11-23T04:39:36.954Z
William Bryson,4,Just an average Highlands Coffee shop. Ok coffee. Somewhat overpriced. Good parking with security.,2025-11-23T04:29:11.266Z
ThÃ nh NgÃ´ Thá»‹ NhÆ°,2,"MÃ¬nh order cÃ³ dáº·n ká»¹ cÃ¡c báº¡n vá» thá»©c uá»‘ng nhÆ° lÆ°á»£ng Ä‘Æ°á»ng, Ä‘Ã¡, lÆ°á»£ng cÃ  phÃª. NhÆ°ng khi nháº­n láº¡i thÃ¬ khÃ´ng nhÆ° mÃ¬nh dáº·n dÃ². ÄÃ¢y lÃ  láº§n thá»© 3 mÃ¬nh bá»‹ nhÆ° váº­y. MÃ¬nh tháº­t sá»± tháº¥t vá»ng.",2025-11-20T04:25:29.963Z
Trang Thanh Minh ThÆ°,5,"BÃ¡nh Cheese vÃ  TrÃ  váº£i ngon
View.cá»±c Ä‘áº¹p",2025-11-08T00:04:59.617Z
HÃ¹ng Nguyá»…n,4,No text review,2025-11-05T17:23:39.800Z
Le Ngan,1,"NhÃ¢n viÃªn thÃ¡i Ä‘á»™ ráº¥t tá»‡, phá»¥c vá»¥ lÃ¢u láº¯c",2025-10-31T01:38:29.327Z
Tháº£o Nguyá»…n,5,No text review,2025-10-22T14:45:10.823Z
Anh HoÃ ng PhÆ°Æ¡ng,1,"NhÃ¢n viÃªn siÃªu tá»‡, thÃ¡i Ä‘á»™, giá»¡n há»›t chá»­i thá» áº§m Ä© khi khÃ¡ch cÃ²n trong quÃ¡n
MÃ¬nh Ä‘i vÃ o ca chiá»u 17h ngÃ y thá»© tÆ° 19/11",2025-11-22T09:25:51.893Z
Duy ÄÃ o HoÃ ng,5,Good,2025-11-20T05:34:23.355Z
Tráº§n Tiá»n,3,"HÃ´m nay 16/11 mÃ¬nh cÃ¹ng báº¡n ghÃ© uá»‘ng nÆ°á»›c. LÃºc Ä‘Ã³ mÃ¬nh ngá»“i trÃªn láº§u cÃ¹ng nhÃ¬u báº¡n khÃ¡c vÃ  cÃ³ Ä‘á»“ trÃªn bÃ n nÃªn má»›i pháº£i Ä‘á»ƒ ly nÆ°á»›c sang 1 chiáº¿c bÃ n nhá» cáº¡nh bÃªn khÃ¡c. NÆ°á»›c chÆ°a uá»‘ng Ä‘Æ°á»£c bao nhiÃªu, 2 ly Ä‘áº§y áº¥p quay qua quay láº¡i cÃ¡i lÃ  báº¡n nhÃ¢n viÃªn dá»n ly luÃ´n:(((( CÃ³ thá»ƒ confirm vá»›i khÃ¡ch ngá»“i cáº¡nh vÃ¬ bÃ n Ä‘Ã³ mk láº¥y Ä‘i 2 chiáº¿c gháº¿, Ä‘á»ƒ ngá»“i bÃ n bÃªn cáº¡nh mÃ . Äáº¿n khi phÃ¡t hiá»‡n thÃ¬ nhÃ¢n viÃªn nÃ³i â€œem tÆ°á»Ÿng khÃ¡ch vá» nÃªn vá»«a má»›i dá»n ly luÃ´nâ€, mÃ¬nh váº«n hoan há»‰ vÃ  cháº³ng nháº­n láº¡i Ä‘Æ°á»£c 1 cÃ¢u xin lá»—i",2025-11-16T05:00:58.535Z
Oanh Bui,5,No text review,2025-11-11T06:27:23.807Z
Co Hiem,1,No text review,2025-11-09T09:59:05.601Z
Äá»©c VÄƒn,5,Cáº¯t tÃ³c Ä‘áº¹p,2025-11-20T13:12:27.068Z
Quyen Nguyen,4,"I stumbled upon this place while taking a walk.
â€‹Atmosphere and Layout:
â€‹The space is spacious and airy. â€‹It features multiple seating areas spread across two floors.
â€‹If you are a smoker, there is a dedicated area available outside by the pavement.

â€‹Drinks:
â€‹The drinks here are made quite sweet.
â€‹This was the case even though I specifically ordered less sugar.

â€‹Service:
â€‹The staff were very quick and agile.
â€‹They were also enthusiastic and attentive.",2025-11-19T17:19:54.581Z
STT89,5,No text review,2025-11-19T09:21:37.217Z
malvika sharma,5,No text review,2025-11-18T22:53:26.263Z
Zac Heil,4,"Chi nhÃ¡nh Highlands Coffee Premium. Vá»›i khÃ´ng gian siu thoÃ¡ng nhiá»u gÃ³c vÃ  view ráº¥t Ä‘áº¹p. Tuy nhiÃªn, thá»±c sá»± lÃ  chÆ°a tháº¥y service cá»§a cÃ¡c báº¡n nhÃ¢n viÃªn cÃ³ gÃ¬ Ä‘áº·c biá»‡t so vá»›i giÃ¡ cao ntn, ngoÃ i viá»‡c sá»­ dá»¥ng ly thuá»· tinh. NÃ³i chung lÃ  khÃ´ng quay láº¡i",2025-11-16T13:31:48.436Z
LE Edgar,4,"Vá»‹ trÃ­: gÃ³c Ä‘Æ°á»ng, rá»™ng rÃ£i, sáº¡ch sáº½, thoÃ¡ng mÃ¡t
Thá»©c uá»‘ng: Ä‘a dáº¡ng theo chuá»—i Hinglands chung nÃªn cÅ©ng dá»… chá»n lá»±a.
GiÃ¡ tiá»n: Há»£p lÃ½ so vá»›i máº·t báº±ng chung khu vá»±c
NhÃ¢n viÃªn: lÃ m viá»‡c theo chuá»—i vÃ  khÃ¡ chuyÃªn nghiá»‡p
TÃ´i Ä‘áº¿n gáº·p khÃ¡ch buá»•i trÆ°a 14:00 nÃªn cÅ©ng cÃ³ chá»— ngá»“i, chá»© náº¿u giá» cao Ä‘iá»ƒm cháº¯c sáº½ Ä‘Ã´ng vÃ  khÃ³ cÃ³ chá»—.
BÃ£i Ä‘áº­u xe: gáº¯n mÃ¡y thÃ¬ dá»…, Ã´ tÃ´ hÆ¡i khÃ³ nhÆ°ng mÃ¬nh Ä‘i Xanh SM vÃ¬ váº­y cÅ©ng tiá»‡n.
ÄÃ¡nh giÃ¡ chung: 9pts",2025-11-27T01:11:44.755Z
ThÃ¹y Äá»—,1,TÃ´i tháº¥y ráº¥t tá»‡ .xem thÆ°á»ng khÃ¡ch hÃ ng :(,2025-11-24T05:04:55.609Z
PhÆ°á»›c Nguyá»…n Trá»‹nh Tháº¿,5,"KhÃ´ng gian quÃ¡n rá»™ng rÃ£i, mÃ¡t máº»",2025-11-22T06:27:47.374Z
Steve Hawkins,5,"Highlands chain is really good. They never have a large selection of food stuff ( they can definitely improve on that) but the latter, cappuccino etc are made using fresh fresh cows milk, not long life stuff.",2025-11-16T09:47:30.531Z
Tuáº¥n Anh Tráº§n,1,NhÃ¢n viÃªn khÃ´ng linh Ä‘á»™ng khi khÃ¡ch sá»­ dá»¥ng voucher,2025-11-14T04:10:15.149Z
Trá»ng TÃ­n Nguyá»…n,5,No text review,2025-11-26T16:15:02.381Z
Robert Cky,5,No text review,2025-11-26T11:50:23.666Z
Äá»©c Trá»ng Nguyá»…n,5,"TÃ²a nhÃ  biá»ƒu tÆ°á»£ng cá»§a trung tÃ¢m tÃ i chÃ­nh Quáº­n 1. Ngá»“i cafe á»Ÿ Ä‘Ã¢y view Ä‘áº¹p, máº¡ng máº¡nh, ráº¥t há»£p Ä‘á»ƒ trade coin. Tiá»‡n thá»ƒ review cho anh em nÃ o Ä‘ang tÃ¬m sÃ n giao dá»‹ch uy tÃ­n thÃ¬ cá»© Binance mÃ  dÃ¹ng. ÄÃ¢y lÃ  sÃ n Top 1 tháº¿ giá»›i rá»“i, thanh khoáº£n cao, khá»›p lá»‡nh mua bÃ¡n trong tÃ­ch táº¯c, khÃ´ng bao giá» lo bá»‹ giam tiá»n.
BÃ¡c nÃ o má»›i bÆ°á»›c chÃ¢n vÃ o thá»‹ trÆ°á»ng Crypto thÃ¬ nÃªn Ä‘Äƒng kÃ½ tÃ i khoáº£n qua mÃ£ giá»›i thiá»‡u. Nháº­p mÃ£ ARTTRONG2601 Ä‘á»ƒ Ä‘Æ°á»£c giáº£m 20% phÃ­ giao dá»‹ch trá»n Ä‘á»i vÃ  nháº­n cÃ¡c Æ°u Ä‘Ã£i khá»Ÿi Ä‘áº§u nhe. Uy tÃ­n!",2025-11-26T05:42:07.256Z
Francois Crenn,5,Magnifique vue sur la ville d'Ho Chi Minh,2025-11-25T11:54:18.629Z
elysha breden,3,No text review,2025-11-25T08:59:26.880Z
Huy Quang,5,"chá»‹ hiá»n lÃ m chi tiáº¿t cáº©n tháº­n, á»§ng há»™ chá»‹ nhaa",2025-11-27T02:22:56.031Z
Jss Mxmx,5,No text review,2025-11-27T02:21:42.238Z
Indy McCarthy,4,No text review,2025-11-27T01:46:30.155Z
Maricel Gildore,5,Definitely coming back to shop! ğŸ›ğŸ˜„,2025-11-27T01:40:31.869Z
Gerald Savard,3,No text review,2025-11-26T23:39:48.298Z
Joseph Nguyá»…n (Jonathan),5,No text review,2025-11-26T15:36:05.523Z
TRUNG HIáº¾U TRáº¦N,5,No text review,2025-11-26T14:44:09.302Z
quocphong nguyen,5,"Trung tÃ¢m mua sáº¯m,vui chÆ¡i vÃ  Äƒn uá»‘ng rá»™ng lá»›n ,sang trá»ng",2025-11-26T12:28:47.832Z
LÃª ThÃ nh NhÃ¢n,5,No text review,2025-11-26T10:40:17.391Z
paula pháº¡m,1,"Tráº£i nghiá»‡m tá»‡ nháº¥t Ä‘Ã³ giá» á»Ÿ Gem! NÄƒm nay noel mÃ¬nh ghÃ© Gem Ä‘á»ƒ chá»¥p hÃ¬nh,trang trÃ­ táº¡m á»•n.Viá»‡c thu vÃ© 200k/ khÃ¡ch cÅ©ng cÃ³ thá»ƒ cháº¥p nháº­n xem nhÆ° lÃ  cÃ¡ch Ä‘á»ƒ duy trÃ¬ vÃ  á»•n Ä‘á»‹nh lÆ°á»£ng khÃ¡ch.NHÆ¯NG nÆ°á»›c Cá»°C Ká»² Dá» Tá»†! BÃ¡nh cÅ©ng chÃ¡n luÃ´n.MÃ¬nh cá»‘ uá»‘ng vÃ¬ tiáº¿c tiá»n chá»© bá» háº¿t 1/2 nÆ°á»›c vÃ  bÃ¡nh.NÄƒm sau sáº½ cÃ¢n nháº¯c viá»‡c cÃ³ quay láº¡i Gem hay ko.",2025-11-26T06:18:59.586Z
